# U_r0,U_phi0,r0,phi0,tau_final,step,photon,R_s
0,0.0555533333555556,6.00012000240005,0,3000,1,0,1